{
  "train_loss": [
    3.0627455426947883,
    2.3337984357210253,
    1.9344359144722063,
    1.706867399026087,
    1.5624247297798235,
    1.048484289154564,
    0.8694738252349034,
    0.8149328007964919,
    0.789145110457565,
    0.7703434810020435,
    0.7588088801226665,
    0.7505323851758146,
    0.7421543369939295,
    0.737430112175808,
    0.7333727151550495,
    0.7293935090698445,
    0.7268100640735149,
    0.7246645701300237,
    0.7225998648838723,
    0.7211476745240292,
    0.7204954740049562,
    0.7188893683002343,
    0.7181692576373273,
    0.7186907830048731,
    0.7170486086773767
  ],
  "train_acc": [
    0.32096833578792344,
    0.5818529086892489,
    0.6910208026509573,
    0.7420839469808542,
    0.7766936671575847,
    0.9119108983799705,
    0.9622606774668631,
    0.9761137702503682,
    0.9810152798232695,
    0.9845130706921944,
    0.98667617820324,
    0.9877807437407953,
    0.9897597569955817,
    0.9901049337260678,
    0.9908182989690721,
    0.9917387702503682,
    0.9921990058910162,
    0.992590206185567,
    0.993165500736377,
    0.992935382916053,
    0.9929814064801178,
    0.9936717599410898,
    0.993855854197349,
    0.9934646539027983,
    0.9943851251840943
  ],
  "val_loss": [
    2.5579380464945007,
    2.01081658662305,
    1.7015285173070323,
    1.5142306985915757,
    1.4013432622758,
    0.8432343228696865,
    0.7780393832937914,
    0.7521525069539674,
    0.7346356741755071,
    0.7255560535309512,
    0.7175261438063228,
    0.7116625355195204,
    0.7077446776454334,
    0.704009172031655,
    0.7016133763227762,
    0.6987968077856512,
    0.6981046781450694,
    0.6964125263711826,
    0.695034142094984,
    0.694894023519121,
    0.6941456970217833,
    0.6935720968184927,
    0.6937265654117437,
    0.693245512152039,
    0.6932474660734964
  ],
  "val_acc": [
    0.5142409438657941,
    0.6837496543460226,
    0.7743570836021754,
    0.8187851414876948,
    0.8395243801272007,
    0.9737302977232924,
    0.9865425384828095,
    0.9905982118167573,
    0.9932712692414047,
    0.9931790948474514,
    0.9946538851507052,
    0.9954834546962854,
    0.9967738962116324,
    0.9971425937874459,
    0.9976034657572126,
    0.997695640151166,
    0.9971425937874459,
    0.9973269425753526,
    0.997419116969306,
    0.9979721633330261,
    0.997695640151166,
    0.9978799889390727,
    0.9978799889390727,
    0.9977878145451193,
    0.997695640151166
  ]
}